,Iteration,Exploitability
0,200,2.7501381979044837e-05
1,400,6.89249099461442e-06
2,600,3.0658778578107615e-06
3,800,1.7252739632489522e-06
4,1000,1.104451104572135e-06
5,1200,7.671076571735824e-07
6,1400,5.636563451538734e-07
7,1600,4.3158789631014827e-07
8,1800,3.410313884621985e-07
9,2000,2.762507635978295e-07
10,2200,2.2831678903045827e-07
11,2400,1.9185678801214578e-07
