,Iteration,Exploitability
0,200,0.492337799553777
1,400,0.492129597087976
2,600,0.4920599653148865
