,Iteration,Exploitability
0,200,2.7943896860358226
1,400,2.7943896860358226
